{"name":"ef240c71-9db5-42b4-aabe-03ab3328a04d","id":"/providers/Microsoft.Flow/flows/ef240c71-9db5-42b4-aabe-03ab3328a04d","type":"Microsoft.Flow/flows","properties":{"apiId":"/providers/Microsoft.PowerApps/apis/shared_logicflows","displayName":"Sync Outlook with Shifts","definition":{"metadata":{"workflowEntityId":null,"processAdvisorMetadata":null,"flowclientsuspensionreason":"None","flowclientsuspensiontime":null,"creator":{"id":"587555a9-e4c2-4ebb-bc1d-e70fc6136982","type":"User","tenantId":"34e4d1e3-779c-4a56-90a8-8b02dd6fc09a"},"provisioningMethod":"FromDefinition","failureAlertSubscription":true,"clientLastModifiedTime":"2021-11-03T12:22:40.3090792Z"},"$schema":"https://schema.management.azure.com/providers/Microsoft.Logic/schemas/2016-06-01/workflowdefinition.json#","contentVersion":"1.0.0.0","parameters":{"$connections":{"defaultValue":{},"type":"Object"},"$authentication":{"defaultValue":{},"type":"SecureObject"}},"triggers":{"Recurrence":{"recurrence":{"frequency":"Day","interval":1,"timeZone":"W. Europe Standard Time","schedule":{"hours":["18"],"minutes":[0]}},"type":"Recurrence"}},"actions":{"[USER_INPUT]_Initialize_TeamName":{"runAfter":{},"type":"InitializeVariable","inputs":{"variables":[{"name":"TeamName","type":"string"}]}},"Initialize_TeamID":{"runAfter":{"Get_my_profile_(V2)":["Succeeded"]},"type":"InitializeVariable","inputs":{"variables":[{"name":"TeamID","type":"string"}]}},"Get_TeamID":{"foreach":"@body('List_teams')?['value']","actions":{"TeamID_condition":{"actions":{"Set_TeamID":{"runAfter":{},"type":"SetVariable","inputs":{"name":"TeamID","value":"@items('Get_TeamID')?['id']"}}},"runAfter":{},"expression":{"equals":["@items('Get_TeamID')?['displayName']","@variables('TeamName')"]},"type":"If"}},"runAfter":{"List_teams":["Succeeded"]},"type":"Foreach"},"List_teams":{"runAfter":{"Initialize_TeamID":["Succeeded"]},"metadata":{"flowSystemMetadata":{"swaggerOperationId":"GetAllTeams"}},"type":"ApiConnection","inputs":{"host":{"connection":{"name":"@parameters('$connections')['shared_teams']['connectionId']"},"api":{"runtimeUrl":"https://flow-apim-europe-001-northeurope-01.azure-apim.net/apim/teams"}},"method":"get","path":"/beta/me/joinedTeams","authentication":"@parameters('$authentication')"}},"List_all_shifts":{"runAfter":{"Get_TeamID":["Succeeded"]},"metadata":{"flowSystemMetadata":{"swaggerOperationId":"ListShifts"}},"type":"ApiConnection","inputs":{"host":{"connection":{"name":"@parameters('$connections')['shared_shifts']['connectionId']"},"api":{"runtimeUrl":"https://flow-apim-europe-001-northeurope-01.azure-apim.net/apim/shifts"}},"method":"get","path":"/v1.0/teams/@{encodeURIComponent(variables('TeamID'))}/schedule/shifts","authentication":"@parameters('$authentication')"},"runtimeConfiguration":{"paginationPolicy":{"minimumItemCount":5000}}},"Filter_not_assigned_shifts":{"runAfter":{"List_all_shifts":["Succeeded"]},"type":"Query","inputs":{"from":"@body('List_all_shifts')?['value']","where":"@equals(empty(item()?['userID']), false)"}},"Filters_shifts_assigned_to_current_user":{"runAfter":{"Filter_not_assigned_shifts":["Succeeded"]},"type":"Query","inputs":{"from":"@body('Filter_not_assigned_shifts')","where":"@contains(item()?['userId'], body('Get_my_profile_(V2)')?['id'])"}},"Filter_shifts_greater_then_now":{"runAfter":{"Filters_shifts_assigned_to_current_user":["Succeeded"]},"type":"Query","inputs":{"from":"@body('Filters_shifts_assigned_to_current_user')","where":"@greaterOrEquals(if(equals(item()?['sharedShift/startDateTime'], null), item()?['draftShift/startDateTime'], item()?['sharedShift/startDateTime']), utcNow())"}},"List_all_FLOC_agenda_items":{"runAfter":{"Get_TeamID":["Succeeded"]},"metadata":{"flowSystemMetadata":{"swaggerOperationId":"V4CalendarGetItems"}},"type":"ApiConnection","inputs":{"host":{"connection":{"name":"@parameters('$connections')['shared_office365']['connectionId']"},"api":{"runtimeUrl":"https://flow-apim-europe-001-westeurope-01.azure-apim.net/apim/office365"}},"method":"get","path":"/datasets/calendars/v4/tables/@{encodeURIComponent(encodeURIComponent(variables('CalendarID')))}/items","queries":{"$filter":"Subject eq 'FLOC'"},"authentication":"@parameters('$authentication')"}},"Filter_FLOC_agenda_items_greater_then_now":{"runAfter":{"List_all_FLOC_agenda_items":["Succeeded"]},"type":"Query","inputs":{"from":"@body('List_all_FLOC_agenda_items')?['value']","where":"@greaterOrEquals(item()?['start'], utcNow())"}},"Initialize_isDuplicate":{"runAfter":{"Filter_FLOC_agenda_items_smaller_then_28_days_ahead":["Succeeded"],"Filter_shifts_smaller_then_28_days_ahead":["Succeeded"]},"type":"InitializeVariable","inputs":{"variables":[{"name":"isDuplicate","type":"boolean"}]}},"Checking_duplicate_and_adding_non_duplicates":{"foreach":"@body('Filter_shifts_smaller_then_28_days_ahead')","actions":{"Apply_to_each_2":{"foreach":"@body('Filter_FLOC_agenda_items_smaller_then_28_days_ahead')","actions":{"Condition":{"actions":{"Condition_2":{"actions":{"Set_variable":{"runAfter":{},"type":"SetVariable","inputs":{"name":"isDuplicate","value":true}}},"runAfter":{},"expression":{"equals":["@formatDateTime(items('Checking_duplicate_and_adding_non_duplicates')?['draftShift']?['startDateTime'], 'yyyy-MM-ddTHH:mm:00.0000000')","@formatDateTime(items('Apply_to_each_2')?['start'], 'yyyy-MM-ddTHH:mm:00.0000000')"]},"type":"If"}},"runAfter":{},"else":{"actions":{"Condition_4":{"actions":{"Set_variable_3":{"runAfter":{},"type":"SetVariable","inputs":{"name":"isDuplicate","value":true}}},"runAfter":{},"expression":{"equals":["@formatDateTime(items('Checking_duplicate_and_adding_non_duplicates')?['sharedShift']?['startDateTime'], 'yyyy-MM-ddTHH:mm:00.0000000')","@formatDateTime(items('Apply_to_each_2')?['start'], 'yyyy-MM-ddTHH:mm:00.0000000')"]},"type":"If"}}},"expression":{"equals":["@items('Checking_duplicate_and_adding_non_duplicates')?['sharedShift']?['startDateTime']",null]},"type":"If"}},"runAfter":{},"type":"Foreach"},"Condition_3":{"actions":{"Create_event_(V4)_2":{"runAfter":{},"metadata":{"flowSystemMetadata":{"swaggerOperationId":"V4CalendarPostItem"}},"type":"ApiConnection","inputs":{"host":{"connection":{"name":"@parameters('$connections')['shared_office365']['connectionId']"},"api":{"runtimeUrl":"https://flow-apim-europe-001-westeurope-01.azure-apim.net/apim/office365"}},"method":"post","body":{"subject":"FLOC","start":"@{if(equals(item()?['sharedShift/startDateTime'], null), item()?['draftShift/startDateTime'], item()?['sharedShift/startDateTime'])}","end":"@{if(equals(item()?['sharedShift/endDateTime'], null), item()?['draftShift/endDateTime'], item()?['sharedShift/endDateTime'])}","timeZone":"(UTC+01:00) Amsterdam, Berlin, Bern, Rome, Stockholm, Vienna","showAs":"busy"},"path":"/datasets/calendars/v4/tables/@{encodeURIComponent(encodeURIComponent(variables('CalendarID')))}/items","authentication":"@parameters('$authentication')"}}},"runAfter":{"Apply_to_each_2":["Succeeded"]},"expression":{"equals":["@variables('isDuplicate')",false]},"type":"If"},"Set_variable_2":{"runAfter":{"Condition_3":["Succeeded"]},"type":"SetVariable","inputs":{"name":"isDuplicate","value":false}}},"runAfter":{"Initialize_isDuplicate":["Succeeded"]},"type":"Foreach"},"Checking_altered_shifts":{"foreach":"@body('Filter_FLOC_agenda_items_smaller_then_28_days_ahead')","actions":{"Apply_to_each":{"foreach":"@body('Filter_shifts_smaller_then_28_days_ahead')","actions":{"Condition_6":{"actions":{"Condition_5":{"actions":{"Set_variable_4":{"runAfter":{},"type":"SetVariable","inputs":{"name":"isDuplicate","value":true}}},"runAfter":{},"expression":{"equals":["@formatDateTime(items('Checking_altered_shifts')?['start'], 'yyyy-MM-ddTHH:mm:00.0000000')","@formatDateTime(items('Apply_to_each')?['draftShift']?['startDateTime'], 'yyyy-MM-ddTHH:mm:00.0000000')"]},"type":"If"}},"runAfter":{},"else":{"actions":{"Condition_8":{"actions":{"Set_variable_6":{"runAfter":{},"type":"SetVariable","inputs":{"name":"isDuplicate","value":true}}},"runAfter":{},"expression":{"equals":["@formatDateTime(items('Checking_altered_shifts')?['start'], 'yyyy-MM-ddTHH:mm:00.0000000')","@formatDateTime(items('Apply_to_each')?['sharedShift']?['startDateTime'], 'yyyy-MM-ddTHH:mm:00.0000000')"]},"type":"If"}}},"expression":{"equals":["@items('Apply_to_each')?['sharedShift']?['startDateTime']",null]},"type":"If"}},"runAfter":{},"type":"Foreach"},"Set_variable_5":{"runAfter":{"Condition_7":["Succeeded"]},"type":"SetVariable","inputs":{"name":"isDuplicate","value":false}},"Condition_7":{"actions":{"Delete_event_(V2)":{"runAfter":{},"metadata":{"flowSystemMetadata":{"swaggerOperationId":"CalendarDeleteItem_V2"}},"type":"ApiConnection","inputs":{"host":{"connection":{"name":"@parameters('$connections')['shared_office365']['connectionId']"},"api":{"runtimeUrl":"https://flow-apim-europe-001-westeurope-01.azure-apim.net/apim/office365"}},"method":"delete","path":"/codeless/v1.0/me/calendars/@{encodeURIComponent(encodeURIComponent(variables('CalendarID')))}/events/@{encodeURIComponent(encodeURIComponent(items('Checking_altered_shifts')?['id']))}","authentication":"@parameters('$authentication')"}}},"runAfter":{"Apply_to_each":["Succeeded"]},"expression":{"equals":["@variables('isDuplicate')",false]},"type":"If"}},"runAfter":{"Checking_duplicate_and_adding_non_duplicates":["Succeeded"]},"type":"Foreach"},"[USER_INPUT]_Initialize_CalendarName":{"runAfter":{"[USER_INPUT]_Initialize_TeamName":["Succeeded"]},"type":"InitializeVariable","inputs":{"variables":[{"name":"CalendarName","type":"string"}]}},"Get_my_profile_(V2)":{"runAfter":{"Get_CalendarID":["Succeeded"]},"metadata":{"flowSystemMetadata":{"swaggerOperationId":"MyProfile_V2"}},"type":"ApiConnection","inputs":{"host":{"connection":{"name":"@parameters('$connections')['shared_office365users']['connectionId']"},"api":{"runtimeUrl":"https://flow-apim-europe-001-westeurope-01.azure-apim.net/apim/office365users"}},"method":"get","path":"/codeless/v1.0/me","authentication":"@parameters('$authentication')"}},"Get_calendars_(V2)":{"runAfter":{"Initialize_CalendarID":["Succeeded"]},"metadata":{"flowSystemMetadata":{"swaggerOperationId":"CalendarGetTables_V2"}},"type":"ApiConnection","inputs":{"host":{"connection":{"name":"@parameters('$connections')['shared_office365']['connectionId']"},"api":{"runtimeUrl":"https://flow-apim-europe-001-westeurope-01.azure-apim.net/apim/office365"}},"method":"get","path":"/codeless/v1.0/me/calendars","queries":{"skip":0,"top":256,"orderBy":"name"},"authentication":"@parameters('$authentication')"}},"Initialize_CalendarID":{"runAfter":{"[USER_INPUT]_Initialize_CalendarName":["Succeeded"]},"type":"InitializeVariable","inputs":{"variables":[{"name":"CalendarID","type":"string"}]}},"Get_CalendarID":{"foreach":"@body('Get_calendars_(V2)')?['value']","actions":{"CalendarID_condition":{"actions":{"Set_CalendarID":{"runAfter":{},"type":"SetVariable","inputs":{"name":"CalendarID","value":"@items('Get_CalendarID')?['id']"}}},"runAfter":{},"expression":{"equals":["@items('Get_CalendarID')?['name']","@variables('CalendarName')"]},"type":"If"}},"runAfter":{"Get_calendars_(V2)":["Succeeded"]},"type":"Foreach"},"Filter_shifts_smaller_then_28_days_ahead":{"runAfter":{"Filter_shifts_greater_then_now":["Succeeded"]},"type":"Query","inputs":{"from":"@body('Filter_shifts_greater_then_now')","where":"@lessOrEquals(if(equals(item()?['sharedShift/startDateTime'], null), item()?['draftShift/startDateTime'], item()?['sharedShift/startDateTime']), addDays(utcNow(), 28))"}},"Filter_FLOC_agenda_items_smaller_then_28_days_ahead":{"runAfter":{"Filter_FLOC_agenda_items_greater_then_now":["Succeeded"]},"type":"Query","inputs":{"from":"@body('Filter_FLOC_agenda_items_greater_then_now')","where":"@lessOrEquals(item()?['start'], addDays(utcNow(), 28))"}}}},"connectionReferences":{"shared_teams":{"connectionName":"00ad990f0ea140f7b86f2664b89d584f","source":"Embedded","id":"/providers/Microsoft.PowerApps/apis/shared_teams","tier":"NotSpecified"},"shared_shifts":{"connectionName":"shared-shifts-939dceb9-9f0c-466b-a94f-7766-de77bfe2","source":"Embedded","id":"/providers/Microsoft.PowerApps/apis/shared_shifts","tier":"NotSpecified"},"shared_office365":{"connectionName":"shared-office365-91371470-c46b-4911-a442-7f13-9ce9c0cc","source":"Embedded","id":"/providers/Microsoft.PowerApps/apis/shared_office365","tier":"NotSpecified"},"shared_office365users":{"connectionName":"417324a5add34211b03f526c2bf30aeb","source":"Embedded","id":"/providers/Microsoft.PowerApps/apis/shared_office365users","tier":"NotSpecified"}},"flowFailureAlertSubscribed":false}}